class,precision,recall,f1-score,support
O,0.9892904953145917,0.9892904953145917,0.9892904953145917,747.0
R,0.9285714285714286,0.9285714285714286,0.9285714285714286,112.0
accuracy,0.9813736903376019
