class,precision,recall,f1-score,support
O,0.993234100135318,0.9825970548862115,0.9878869448183042,747.0
R,0.8916666666666667,0.9553571428571429,0.9224137931034483,112.0
accuracy,0.9790454016298021
